{"cameraMode":{"drawMode":0,"name":"Shaded","section":"Shading Mode"},"sceneLighting":false,"audioPlay":false,"sceneViewState":{"showFog":true,"showMaterialUpdate":false,"showSkybox":false,"showFlares":true,"showImageEffects":true,"showParticleSystems":true},"in2DMode":false,"pivot":{"x":5.890042781829834,"y":6.200479030609131,"z":3.7596654891967775},"rotation":{"x":-0.02971697226166725,"y":0.9702813029289246,"z":-0.1708632856607437,"w":-0.16875310242176057},"size":3.039987564086914,"orthographic":false}