{"cameraMode":{"drawMode":0,"name":"Shaded","section":"Shading Mode"},"sceneLighting":true,"audioPlay":false,"sceneViewState":{"showFog":false,"showMaterialUpdate":false,"showSkybox":false,"showFlares":false,"showImageEffects":false,"showParticleSystems":false},"in2DMode":false,"pivot":{"x":8.91264533996582,"y":0.33799266815185549,"z":-4.453166961669922},"rotation":{"x":-0.013448060490190983,"y":0.974777102470398,"z":-0.21420501172542573,"w":-0.061197709292173389},"size":10.365612983703614,"orthographic":false}